{
	"format_version": "1.12.0",
	"minecraft:geometry": [
		{
			"description": {
				"identifier": "geometry.skubble",
				"texture_width": 48,
				"texture_height": 32,
				"visible_bounds_width": 4,
				"visible_bounds_height": 2.5,
				"visible_bounds_offset": [0, 0.75, 0]
			},
			"bones": [
				{
					"name": "body",
					"pivot": [0, 2.5, 0],
					"cubes": [
						{"origin": [-5.5, 0.5, -3.5], "size": [11, 4, 8], "pivot": [0, 0.5, 0.5], "rotation": [0, -90, 0], "uv": [0, 0]},
						{"origin": [-3, 1.5, -5], "size": [6, 2, 1], "pivot": [0, 2.5, -4.5], "rotation": [0, 180, 0], "uv": [0, 15]}
					]
				},
				{
					"name": "tail1",
					"parent": "body",
					"pivot": [0, 2.5, 6],
					"cubes": [
						{"origin": [-3, 1.5, 6], "size": [6, 2, 4], "uv": [19, 12]}
					]
				},
				{
					"name": "tail2",
					"parent": "tail1",
					"pivot": [0, 2.5, 10],
					"cubes": [
						{"origin": [-1.5, 2, 10], "size": [3, 1, 2], "uv": [29, 18]}
					]
				},
				{
					"name": "tail3",
					"parent": "tail2",
					"pivot": [0, 2.75, 11.75],
					"cubes": [
						{"origin": [-3, 1.5, 12], "size": [6, 2, 4], "uv": [19, 12]}
					]
				},
				{
					"name": "tail4",
					"parent": "tail3",
					"pivot": [0, 2.5, 16],
					"cubes": [
						{"origin": [-1, 1.5, 16], "size": [2, 2, 2], "uv": [21, 18]}
					]
				},
				{
					"name": "antlers",
					"parent": "body",
					"pivot": [0, 2.5, 0]
				},
				{
					"name": "antlerl",
					"parent": "antlers",
					"pivot": [-1.5, 4.5, -5],
					"cubes": [
						{"origin": [-1.5, 4.25, -8.5], "size": [0, 6, 4], "pivot": [-1.5, 4.5, -5], "rotation": [20.94102, 8.42106, -20.94102], "uv": [23, 22]}
					]
				},
				{
					"name": "antlerl2",
					"parent": "antlers",
					"pivot": [1.5, 4.5, -5],
					"cubes": [
						{"origin": [1.5, 4.25, -8.5], "size": [0, 6, 4], "pivot": [1.5, 4.5, -5], "rotation": [20.94102, -8.42106, 20.94102], "uv": [23, 22], "mirror": true}
					]
				},
				{
					"name": "legsl",
					"parent": "body",
					"pivot": [0, 2.5, 0]
				},
				{
					"name": "leg1",
					"parent": "legsl",
					"pivot": [4, 2, -2.5],
					"cubes": [
						{"origin": [3.5, -1, -2.5], "size": [4, 4, 0], "pivot": [4, 2, -2.5], "rotation": [0, 0, -17.5], "uv": [0, 21]}
					]
				},
				{
					"name": "leg2",
					"parent": "legsl",
					"pivot": [4, 2, 0.5],
					"cubes": [
						{"origin": [3.5, -1, 0.5], "size": [4, 4, 0], "pivot": [4, 2, 0.5], "rotation": [0, 0, -17.5], "uv": [0, 21]}
					]
				},
				{
					"name": "leg3",
					"parent": "legsl",
					"pivot": [4, 2, 3.5],
					"cubes": [
						{"origin": [3.5, -1, 3.5], "size": [4, 4, 0], "pivot": [4, 2, 3.5], "rotation": [0, 0, -17.5], "uv": [0, 21]}
					]
				},
				{
					"name": "legsr",
					"parent": "body",
					"pivot": [0, 2.5, 0]
				},
				{
					"name": "leg4",
					"parent": "legsr",
					"pivot": [-4, 2, -2.5],
					"cubes": [
						{"origin": [-7.5, -1, -2.5], "size": [4, 4, 0], "pivot": [-4, 2, -2.5], "rotation": [0, 0, 17.5], "uv": [0, 21], "mirror": true}
					]
				},
				{
					"name": "leg5",
					"parent": "legsr",
					"pivot": [-4, 2, 0.5],
					"cubes": [
						{"origin": [-7.5, -1, 0.5], "size": [4, 4, 0], "pivot": [-4, 2, 0.5], "rotation": [0, 0, 17.5], "uv": [0, 21], "mirror": true}
					]
				},
				{
					"name": "leg6",
					"parent": "legsr",
					"pivot": [-4, 2, 3.5],
					"cubes": [
						{"origin": [-7.5, -1, 3.5], "size": [4, 4, 0], "pivot": [-4, 2, 3.5], "rotation": [0, 0, 17.5], "uv": [0, 21], "mirror": true}
					]
				}
			]
		}
	]
}