{
	"format_version": "1.8.0",
	"animations": {
		"walk": {
			"loop": true,
			"animation_length": 1,
			"bones": {
				"body": {
					"rotation": {
						"0.0": {
							"vector": [0, -5, 0]
						},
						"0.5": {
							"vector": [0, 5, 0],
							"easing": "easeInOutQuad"
						},
						"1.0": {
							"vector": [0, -5, 0],
							"easing": "easeInOutQuad"
						}
					}
				},
				"tail1": {
					"rotation": {
						"0.0": {
							"vector": [0, 5, 0]
						},
						"0.5": {
							"vector": [0, -5, 0],
							"easing": "easeInOutQuad"
						},
						"1.0": {
							"vector": [0, 5, 0],
							"easing": "easeInOutQuad"
						}
					}
				},
				"tail2": {
					"rotation": {
						"0.0": {
							"vector": [5, 2.5, 0]
						},
						"0.5": {
							"vector": [5, -2.5, 0],
							"easing": "easeInOutQuad"
						},
						"1.0": {
							"vector": [5, 2.5, 0],
							"easing": "easeInOutQuad"
						}
					}
				},
				"tail3": {
					"rotation": {
						"0.0": {
							"vector": [5, 2.5, 0]
						},
						"0.5": {
							"vector": [5, -2.5, 0],
							"easing": "easeInOutQuad"
						},
						"1.0": {
							"vector": [5, 2.5, 0],
							"easing": "easeInOutQuad"
						}
					}
				},
				"tail4": {
					"rotation": {
						"0.0": {
							"vector": [5, 2.5, 0]
						},
						"0.5": {
							"vector": [5, -2.5, 0],
							"easing": "easeInOutQuad"
						},
						"1.0": {
							"vector": [5, 2.5, 0],
							"easing": "easeInOutQuad"
						}
					}
				},
				"antlerl": {
					"rotation": {
						"0.0833": {
							"vector": [0, 0, -5]
						},
						"0.5833": {
							"vector": [0, 0, 5],
							"easing": "easeInOutBack",
							"easingArgs": [6]
						},
						"1.0": {
							"vector": [0, 0, -5],
							"easing": "easeInOutBack",
							"easingArgs": [6]
						}
					}
				},
				"antlerl2": {
					"rotation": {
						"0.0833": {
							"vector": [0, 0, -5]
						},
						"0.5833": {
							"vector": [0, 0, 5],
							"easing": "easeInOutBack",
							"easingArgs": [6]
						},
						"1.0": {
							"vector": [0, 0, -5],
							"easing": "easeInOutBack",
							"easingArgs": [6]
						}
					}
				},
				"leg1": {
					"rotation": {
						"0.0": {
							"vector": [0, 20, 0]
						},
						"0.5": {
							"vector": [0, -20, 0],
							"easing": "easeInOutQuad"
						},
						"0.8333": {
							"vector": [0, 0, -15],
							"easing": "easeInOutQuad"
						},
						"1.0": {
							"vector": [0, 20, 0],
							"easing": "easeInOutQuad"
						}
					}
				},
				"leg2": {
					"rotation": {
						"0.0": {
							"vector": [0, -20, 0]
						},
						"0.3333": {
							"vector": [0, 0, -15],
							"easing": "easeInOutQuad"
						},
						"0.5": {
							"vector": [0, 20, 0],
							"easing": "easeInOutQuad"
						},
						"1.0": {
							"vector": [0, -20, 0],
							"easing": "easeInOutQuad"
						}
					}
				},
				"leg3": {
					"rotation": {
						"0.0": {
							"vector": [0, 20, 0]
						},
						"0.5": {
							"vector": [0, -20, 0],
							"easing": "easeInOutQuad"
						},
						"0.8333": {
							"vector": [0, 0, -15],
							"easing": "easeInOutQuad"
						},
						"1.0": {
							"vector": [0, 20, 0],
							"easing": "easeInOutQuad"
						}
					}
				},
				"leg4": {
					"rotation": {
						"0.0": {
							"vector": [0, 20, 0]
						},
						"0.3333": {
							"vector": [0, 0, 15],
							"easing": "easeInOutQuad"
						},
						"0.5": {
							"vector": [0, -20, 0],
							"easing": "easeInOutQuad"
						},
						"1.0": {
							"vector": [0, 20, 0],
							"easing": "easeInOutQuad"
						}
					}
				},
				"leg5": {
					"rotation": {
						"0.0": {
							"vector": [0, -20, 0]
						},
						"0.5": {
							"vector": [0, 20, 0],
							"easing": "easeInOutQuad"
						},
						"0.8333": {
							"vector": [0, 0, 15],
							"easing": "easeInOutQuad"
						},
						"1.0": {
							"vector": [0, -20, 0],
							"easing": "easeInOutQuad"
						}
					}
				},
				"leg6": {
					"rotation": {
						"0.0": {
							"vector": [0, 20, 0]
						},
						"0.3333": {
							"vector": [0, 0, 15],
							"easing": "easeInOutQuad"
						},
						"0.5": {
							"vector": [0, -20, 0],
							"easing": "easeInOutQuad"
						},
						"1.0": {
							"vector": [0, 20, 0],
							"easing": "easeInOutQuad"
						}
					}
				}
			}
		},
		"idle": {
			"loop": true
		}
	},
	"geckolib_format_version": 2
}